[
  {"city":"Los Angeles","state":"CA","county":"Los Angeles County","lat":34.0522,"lng":-118.2437},
  {"city":"San Diego","state":"CA","county":"San Diego County","lat":32.7157,"lng":-117.1611},
  {"city":"San Jose","state":"CA","county":"Santa Clara County","lat":37.3382,"lng":-121.8863},
  {"city":"San Francisco","state":"CA","county":"San Francisco County","lat":37.7749,"lng":-122.4194},
  {"city":"Fresno","state":"CA","county":"Fresno County","lat":36.7378,"lng":-119.7871},
  {"city":"Sacramento","state":"CA","county":"Sacramento County","lat":38.5816,"lng":-121.4944},
  {"city":"Long Beach","state":"CA","county":"Los Angeles County","lat":33.7701,"lng":-118.1937},
  {"city":"Oakland","state":"CA","county":"Alameda County","lat":37.8044,"lng":-122.2712},
  {"city":"Bakersfield","state":"CA","county":"Kern County","lat":35.3733,"lng":-119.0187},
  {"city":"Anaheim","state":"CA","county":"Orange County","lat":33.8366,"lng":-117.9143},
  {"city":"Santa Ana","state":"CA","county":"Orange County","lat":33.7455,"lng":-117.8677},
  {"city":"Riverside","state":"CA","county":"Riverside County","lat":33.9806,"lng":-117.3755},
  {"city":"Stockton","state":"CA","county":"San Joaquin County","lat":37.9577,"lng":-121.2908},
  {"city":"Irvine","state":"CA","county":"Orange County","lat":33.6846,"lng":-117.8265},
  {"city":"Chula Vista","state":"CA","county":"San Diego County","lat":32.6401,"lng":-117.0842},
  {"city":"Fremont","state":"CA","county":"Alameda County","lat":37.5485,"lng":-121.9886},
  {"city":"San Bernardino","state":"CA","county":"San Bernardino County","lat":34.1083,"lng":-117.2898},
  {"city":"Modesto","state":"CA","county":"Stanislaus County","lat":37.6391,"lng":-120.9969},
  {"city":"Fontana","state":"CA","county":"San Bernardino County","lat":34.0922,"lng":-117.4350},
  {"city":"Moreno Valley","state":"CA","county":"Riverside County","lat":33.9425,"lng":-117.2297},
  {"city":"Glendale","state":"CA","county":"Los Angeles County","lat":34.1425,"lng":-118.2551},
  {"city":"Huntington Beach","state":"CA","county":"Orange County","lat":33.6595,"lng":-117.9988},
  {"city":"Santa Clarita","state":"CA","county":"Los Angeles County","lat":34.3917,"lng":-118.5426},
  {"city":"Garden Grove","state":"CA","county":"Orange County","lat":33.7743,"lng":-117.9380},
  {"city":"Oceanside","state":"CA","county":"San Diego County","lat":33.1959,"lng":-117.3795},
  {"city":"Rancho Cucamonga","state":"CA","county":"San Bernardino County","lat":34.1064,"lng":-117.5931},
  {"city":"Ontario","state":"CA","county":"San Bernardino County","lat":34.0633,"lng":-117.6509},
  {"city":"Santa Rosa","state":"CA","county":"Sonoma County","lat":38.4404,"lng":-122.7141},
  {"city":"Elk Grove","state":"CA","county":"Sacramento County","lat":38.4088,"lng":-121.3716},
  {"city":"Corona","state":"CA","county":"Riverside County","lat":33.8753,"lng":-117.5664},
  {"city":"Lancaster","state":"CA","county":"Los Angeles County","lat":34.6868,"lng":-118.1542},
  {"city":"Palmdale","state":"CA","county":"Los Angeles County","lat":34.5794,"lng":-118.1165},
  {"city":"Salinas","state":"CA","county":"Monterey County","lat":36.6777,"lng":-121.6555},
  {"city":"Pomona","state":"CA","county":"Los Angeles County","lat":34.0551,"lng":-117.7500},
  {"city":"Hayward","state":"CA","county":"Alameda County","lat":37.6688,"lng":-122.0808},
  {"city":"Escondido","state":"CA","county":"San Diego County","lat":33.1192,"lng":-117.0864},
  {"city":"Sunnyvale","state":"CA","county":"Santa Clara County","lat":37.3688,"lng":-122.0363},
  {"city":"Torrance","state":"CA","county":"Los Angeles County","lat":33.8358,"lng":-118.3406},
  {"city":"Pasadena","state":"CA","county":"Los Angeles County","lat":34.1478,"lng":-118.1445},
  {"city":"Orange","state":"CA","county":"Orange County","lat":33.7879,"lng":-117.8531},
  {"city":"Fullerton","state":"CA","county":"Orange County","lat":33.8703,"lng":-117.9253},
  {"city":"Thousand Oaks","state":"CA","county":"Ventura County","lat":34.1706,"lng":-118.8376},
  {"city":"Roseville","state":"CA","county":"Placer County","lat":38.7521,"lng":-121.2880},
  {"city":"Concord","state":"CA","county":"Contra Costa County","lat":37.9780,"lng":-122.0311},
  {"city":"Simi Valley","state":"CA","county":"Ventura County","lat":34.2694,"lng":-118.7815},
  {"city":"Santa Clara","state":"CA","county":"Santa Clara County","lat":37.3541,"lng":-121.9552},
  {"city":"Victorville","state":"CA","county":"San Bernardino County","lat":34.5362,"lng":-117.2928},
  {"city":"Vallejo","state":"CA","county":"Solano County","lat":38.1041,"lng":-122.2566},
  {"city":"Berkeley","state":"CA","county":"Alameda County","lat":37.8716,"lng":-122.2727},
  {"city":"El Monte","state":"CA","county":"Los Angeles County","lat":34.0686,"lng":-118.0276},
  {"city":"Downey","state":"CA","county":"Los Angeles County","lat":33.9401,"lng":-118.1332},
  {"city":"Costa Mesa","state":"CA","county":"Orange County","lat":33.6412,"lng":-117.9187},
  {"city":"Inglewood","state":"CA","county":"Los Angeles County","lat":33.9617,"lng":-118.3531},
  {"city":"Carlsbad","state":"CA","county":"San Diego County","lat":33.1581,"lng":-117.3506},
  {"city":"San Buenaventura","state":"CA","county":"Ventura County","lat":34.2746,"lng":-119.2290},
  {"city":"Ventura","state":"CA","county":"Ventura County","lat":34.2746,"lng":-119.2290},
  {"city":"Fairfield","state":"CA","county":"Solano County","lat":38.2494,"lng":-122.0400},
  {"city":"West Covina","state":"CA","county":"Los Angeles County","lat":34.0686,"lng":-117.9390},
  {"city":"Murrieta","state":"CA","county":"Riverside County","lat":33.5539,"lng":-117.2139},
  {"city":"Richmond","state":"CA","county":"Contra Costa County","lat":37.9358,"lng":-122.3478},
  {"city":"Norwalk","state":"CA","county":"Los Angeles County","lat":33.9022,"lng":-118.0817},
  {"city":"Antioch","state":"CA","county":"Contra Costa County","lat":38.0049,"lng":-121.8058},
  {"city":"Temecula","state":"CA","county":"Riverside County","lat":33.4936,"lng":-117.1484},
  {"city":"Burbank","state":"CA","county":"Los Angeles County","lat":34.1808,"lng":-118.3090},
  {"city":"Daly City","state":"CA","county":"San Mateo County","lat":37.6879,"lng":-122.4702},
  {"city":"El Cajon","state":"CA","county":"San Diego County","lat":32.7948,"lng":-116.9625},
  {"city":"San Mateo","state":"CA","county":"San Mateo County","lat":37.5630,"lng":-122.3255},
  {"city":"Rialto","state":"CA","county":"San Bernardino County","lat":34.1064,"lng":-117.3703},
  {"city":"Clovis","state":"CA","county":"Fresno County","lat":36.8252,"lng":-119.7029},
  {"city":"Compton","state":"CA","county":"Los Angeles County","lat":33.8958,"lng":-118.2201},
  {"city":"Jurupa Valley","state":"CA","county":"Riverside County","lat":33.9972,"lng":-117.4855},
  {"city":"Vista","state":"CA","county":"San Diego County","lat":33.2000,"lng":-117.2425},
  {"city":"South Gate","state":"CA","county":"Los Angeles County","lat":33.9547,"lng":-118.2120},
  {"city":"Mission Viejo","state":"CA","county":"Orange County","lat":33.6000,"lng":-117.6720},
  {"city":"Vacaville","state":"CA","county":"Solano County","lat":38.3566,"lng":-121.9877},
  {"city":"Carson","state":"CA","county":"Los Angeles County","lat":33.8314,"lng":-118.2620},
  {"city":"Hesperia","state":"CA","county":"San Bernardino County","lat":34.4264,"lng":-117.3009},
  {"city":"Santa Maria","state":"CA","county":"Santa Barbara County","lat":34.9530,"lng":-120.4357},
  {"city":"Redding","state":"CA","county":"Shasta County","lat":40.5865,"lng":-122.3917},
  {"city":"Westminster","state":"CA","county":"Orange County","lat":33.7513,"lng":-117.9940},
  {"city":"Santa Monica","state":"CA","county":"Los Angeles County","lat":34.0195,"lng":-118.4912},
  {"city":"Chico","state":"CA","county":"Butte County","lat":39.7285,"lng":-121.8375},
  {"city":"Newport Beach","state":"CA","county":"Orange County","lat":33.6189,"lng":-117.9298},
  {"city":"San Leandro","state":"CA","county":"Alameda County","lat":37.7249,"lng":-122.1561},
  {"city":"San Marcos","state":"CA","county":"San Diego County","lat":33.1434,"lng":-117.1661},
  {"city":"Whittier","state":"CA","county":"Los Angeles County","lat":33.9792,"lng":-118.0328},
  {"city":"Hawthorne","state":"CA","county":"Los Angeles County","lat":33.9164,"lng":-118.3526},
  {"city":"Citrus Heights","state":"CA","county":"Sacramento County","lat":38.7071,"lng":-121.2810},
  {"city":"Alhambra","state":"CA","county":"Los Angeles County","lat":34.0953,"lng":-118.1270},
  {"city":"Tracy","state":"CA","county":"San Joaquin County","lat":37.7397,"lng":-121.4252},
  {"city":"Livermore","state":"CA","county":"Alameda County","lat":37.6819,"lng":-121.7680},
  {"city":"Buena Park","state":"CA","county":"Orange County","lat":33.8675,"lng":-117.9981},
  {"city":"Menifee","state":"CA","county":"Riverside County","lat":33.6971,"lng":-117.1850},
  {"city":"Hemet","state":"CA","county":"Riverside County","lat":33.7475,"lng":-116.9719},
  {"city":"Lakewood","state":"CA","county":"Los Angeles County","lat":33.8536,"lng":-118.1340},
  {"city":"Merced","state":"CA","county":"Merced County","lat":37.3022,"lng":-120.4830},
  {"city":"Chino","state":"CA","county":"San Bernardino County","lat":34.0122,"lng":-117.6889},
  {"city":"Indio","state":"CA","county":"Riverside County","lat":33.7206,"lng":-116.2156},
  {"city":"Redwood City","state":"CA","county":"San Mateo County","lat":37.4852,"lng":-122.2364},
  {"city":"Lake Forest","state":"CA","county":"Orange County","lat":33.6469,"lng":-117.6891},
  {"city":"Napa","state":"CA","county":"Napa County","lat":38.2975,"lng":-122.2869},
  {"city":"Tustin","state":"CA","county":"Orange County","lat":33.7458,"lng":-117.8262},
  {"city":"Bellflower","state":"CA","county":"Los Angeles County","lat":33.8817,"lng":-118.1170},
  {"city":"Mountain View","state":"CA","county":"Santa Clara County","lat":37.3861,"lng":-122.0839},
  {"city":"Chino Hills","state":"CA","county":"San Bernardino County","lat":33.9898,"lng":-117.7326},
  {"city":"Baldwin Park","state":"CA","county":"Los Angeles County","lat":34.0853,"lng":-117.9609},
  {"city":"Alameda","state":"CA","county":"Alameda County","lat":37.7652,"lng":-122.2416},
  {"city":"Upland","state":"CA","county":"San Bernardino County","lat":34.0975,"lng":-117.6484},
  {"city":"San Ramon","state":"CA","county":"Contra Costa County","lat":37.7799,"lng":-121.9780},
  {"city":"Folsom","state":"CA","county":"Sacramento County","lat":38.6780,"lng":-121.1761},
  {"city":"Pleasanton","state":"CA","county":"Alameda County","lat":37.6624,"lng":-121.8747},
  {"city":"Lynwood","state":"CA","county":"Los Angeles County","lat":33.9303,"lng":-118.2115},
  {"city":"Union City","state":"CA","county":"Alameda County","lat":37.5934,"lng":-122.0439},
  {"city":"Perris","state":"CA","county":"Riverside County","lat":33.7825,"lng":-117.2286},
  {"city":"Manteca","state":"CA","county":"San Joaquin County","lat":37.7975,"lng":-121.2161},
  {"city":"Lake Elsinore","state":"CA","county":"Riverside County","lat":33.6681,"lng":-117.3273},
  {"city":"San Rafael","state":"CA","county":"Marin County","lat":37.9735,"lng":-122.5311},
  {"city":"Petaluma","state":"CA","county":"Sonoma County","lat":38.2324,"lng":-122.6367},
  {"city":"Newark","state":"CA","county":"Alameda County","lat":37.5297,"lng":-122.0402},
  {"city":"Milpitas","state":"CA","county":"Santa Clara County","lat":37.4323,"lng":-121.8996},
  {"city":"Palo Alto","state":"CA","county":"Santa Clara County","lat":37.4419,"lng":-122.1430},
  {"city":"Dublin","state":"CA","county":"Alameda County","lat":37.7022,"lng":-121.9358},
  {"city":"Walnut Creek","state":"CA","county":"Contra Costa County","lat":37.9101,"lng":-122.0652},
  {"city":"Campbell","state":"CA","county":"Santa Clara County","lat":37.2872,"lng":-121.9500},
  {"city":"Cupertino","state":"CA","county":"Santa Clara County","lat":37.3230,"lng":-122.0322},
  {"city":"San Carlos","state":"CA","county":"San Mateo County","lat":37.5072,"lng":-122.2608},
  {"city":"Foster City","state":"CA","county":"San Mateo County","lat":37.5585,"lng":-122.2711},
  {"city":"Belmont","state":"CA","county":"San Mateo County","lat":37.5202,"lng":-122.2758},
  {"city":"South San Francisco","state":"CA","county":"San Mateo County","lat":37.6547,"lng":-122.4077},
  {"city":"Pittsburg","state":"CA","county":"Contra Costa County","lat":38.0280,"lng":-121.8847},
  {"city":"Brentwood","state":"CA","county":"Contra Costa County","lat":37.9317,"lng":-121.6958},
  {"city":"Danville","state":"CA","county":"Contra Costa County","lat":37.8216,"lng":-121.9999},
  {"city":"San Bruno","state":"CA","county":"San Mateo County","lat":37.6305,"lng":-122.4111},
  {"city":"Pacifica","state":"CA","county":"San Mateo County","lat":37.6138,"lng":-122.4869},
  {"city":"Half Moon Bay","state":"CA","county":"San Mateo County","lat":37.4636,"lng":-122.4286},
  {"city":"Martinez","state":"CA","county":"Contra Costa County","lat":38.0194,"lng":-122.1341},
  {"city":"Hercules","state":"CA","county":"Contra Costa County","lat":38.0172,"lng":-122.2886},
  {"city":"Pinole","state":"CA","county":"Contra Costa County","lat":38.0044,"lng":-122.2989},
  {"city":"El Cerrito","state":"CA","county":"Contra Costa County","lat":37.9161,"lng":-122.3108},
  {"city":"Albany","state":"CA","county":"Alameda County","lat":37.8869,"lng":-122.2978},
  {"city":"Emeryville","state":"CA","county":"Alameda County","lat":37.8313,"lng":-122.2852},
  {"city":"Piedmont","state":"CA","county":"Alameda County","lat":37.8246,"lng":-122.2319},
  {"city":"Benicia","state":"CA","county":"Solano County","lat":38.0494,"lng":-122.1586},
  {"city":"Suisun City","state":"CA","county":"Solano County","lat":38.2388,"lng":-122.0400},
  {"city":"Dixon","state":"CA","county":"Solano County","lat":38.4455,"lng":-121.8233},
  {"city":"Rio Vista","state":"CA","county":"Solano County","lat":38.1557,"lng":-121.6922},
  {"city":"American Canyon","state":"CA","county":"Napa County","lat":38.1749,"lng":-122.2608},
  {"city":"St. Helena","state":"CA","county":"Napa County","lat":38.5052,"lng":-122.4697},
  {"city":"Calistoga","state":"CA","county":"Napa County","lat":38.5788,"lng":-122.5797},
  {"city":"Yountville","state":"CA","county":"Napa County","lat":38.4016,"lng":-122.3608},
  {"city":"Novato","state":"CA","county":"Marin County","lat":38.1074,"lng":-122.5697},
  {"city":"Mill Valley","state":"CA","county":"Marin County","lat":37.9060,"lng":-122.5450},
  {"city":"Sausalito","state":"CA","county":"Marin County","lat":37.8591,"lng":-122.4853},
  {"city":"Tiburon","state":"CA","county":"Marin County","lat":37.8735,"lng":-122.4567},
  {"city":"Corte Madera","state":"CA","county":"Marin County","lat":37.9255,"lng":-122.5275},
  {"city":"Larkspur","state":"CA","county":"Marin County","lat":37.9341,"lng":-122.5353},
  {"city":"San Anselmo","state":"CA","county":"Marin County","lat":37.9746,"lng":-122.5614},
  {"city":"Fairfax","state":"CA","county":"Marin County","lat":37.9871,"lng":-122.5889},
  {"city":"Ross","state":"CA","county":"Marin County","lat":37.9624,"lng":-122.5550},
  {"city":"Rohnert Park","state":"CA","county":"Sonoma County","lat":38.3396,"lng":-122.7011},
  {"city":"Windsor","state":"CA","county":"Sonoma County","lat":38.5469,"lng":-122.8164},
  {"city":"Sebastopol","state":"CA","county":"Sonoma County","lat":38.4021,"lng":-122.8239},
  {"city":"Healdsburg","state":"CA","county":"Sonoma County","lat":38.6107,"lng":-122.8692},
  {"city":"Sonoma","state":"CA","county":"Sonoma County","lat":38.2919,"lng":-122.4580},
  {"city":"Cloverdale","state":"CA","county":"Sonoma County","lat":38.8063,"lng":-123.0172},
  {"city":"Cotati","state":"CA","county":"Sonoma County","lat":38.3277,"lng":-122.7072},
  {"city":"Houston","state":"TX","county":"Harris County","lat":29.7604,"lng":-95.3698},
  {"city":"San Antonio","state":"TX","county":"Bexar County","lat":29.4241,"lng":-98.4936},
  {"city":"Dallas","state":"TX","county":"Dallas County","lat":32.7767,"lng":-96.7970},
  {"city":"Austin","state":"TX","county":"Travis County","lat":30.2672,"lng":-97.7431},
  {"city":"Fort Worth","state":"TX","county":"Tarrant County","lat":32.7555,"lng":-97.3308},
  {"city":"El Paso","state":"TX","county":"El Paso County","lat":31.7619,"lng":-106.4850},
  {"city":"Arlington","state":"TX","county":"Tarrant County","lat":32.7357,"lng":-97.1081},
  {"city":"Corpus Christi","state":"TX","county":"Nueces County","lat":27.8006,"lng":-97.3964},
  {"city":"Plano","state":"TX","county":"Collin County","lat":33.0198,"lng":-96.6989},
  {"city":"Laredo","state":"TX","county":"Webb County","lat":27.5306,"lng":-99.4803},
  {"city":"Lubbock","state":"TX","county":"Lubbock County","lat":33.5779,"lng":-101.8552},
  {"city":"Garland","state":"TX","county":"Dallas County","lat":32.9126,"lng":-96.6389},
  {"city":"Irving","state":"TX","county":"Dallas County","lat":32.8140,"lng":-96.9489},
  {"city":"Frisco","state":"TX","county":"Collin County","lat":33.1507,"lng":-96.8236},
  {"city":"McKinney","state":"TX","county":"Collin County","lat":33.1972,"lng":-96.6397},
  {"city":"Amarillo","state":"TX","county":"Potter County","lat":35.2220,"lng":-101.8313},
  {"city":"Grand Prairie","state":"TX","county":"Dallas County","lat":32.7460,"lng":-96.9978},
  {"city":"Brownsville","state":"TX","county":"Cameron County","lat":25.9017,"lng":-97.4975},
  {"city":"Denton","state":"TX","county":"Denton County","lat":33.2148,"lng":-97.1331},
  {"city":"Killeen","state":"TX","county":"Bell County","lat":31.1171,"lng":-97.7278},
  {"city":"Pasadena","state":"TX","county":"Harris County","lat":29.6911,"lng":-95.2091},
  {"city":"Mesquite","state":"TX","county":"Dallas County","lat":32.7668,"lng":-96.5992},
  {"city":"McAllen","state":"TX","county":"Hidalgo County","lat":26.2034,"lng":-98.2300},
  {"city":"Waco","state":"TX","county":"McLennan County","lat":31.5493,"lng":-97.1467},
  {"city":"Carrollton","state":"TX","county":"Denton County","lat":32.9537,"lng":-96.8903},
  {"city":"Midland","state":"TX","county":"Midland County","lat":31.9973,"lng":-102.0779},
  {"city":"Beaumont","state":"TX","county":"Jefferson County","lat":30.0802,"lng":-94.1266},
  {"city":"Round Rock","state":"TX","county":"Williamson County","lat":30.5083,"lng":-97.6789},
  {"city":"Abilene","state":"TX","county":"Taylor County","lat":32.4487,"lng":-99.7331},
  {"city":"Odessa","state":"TX","county":"Ector County","lat":31.8457,"lng":-102.3676},
  {"city":"Miami","state":"FL","county":"Miami-Dade County","lat":25.7617,"lng":-80.1918},
  {"city":"Tampa","state":"FL","county":"Hillsborough County","lat":27.9506,"lng":-82.4572},
  {"city":"Orlando","state":"FL","county":"Orange County","lat":28.5383,"lng":-81.3792},
  {"city":"Jacksonville","state":"FL","county":"Duval County","lat":30.3322,"lng":-81.6557},
  {"city":"St. Petersburg","state":"FL","county":"Pinellas County","lat":27.7676,"lng":-82.6403},
  {"city":"Hialeah","state":"FL","county":"Miami-Dade County","lat":25.8576,"lng":-80.2781},
  {"city":"Port St. Lucie","state":"FL","county":"St. Lucie County","lat":27.2730,"lng":-80.3582},
  {"city":"Cape Coral","state":"FL","county":"Lee County","lat":26.5629,"lng":-81.9495},
  {"city":"Tallahassee","state":"FL","county":"Leon County","lat":30.4383,"lng":-84.2807},
  {"city":"Fort Lauderdale","state":"FL","county":"Broward County","lat":26.1224,"lng":-80.1373},
  {"city":"Pembroke Pines","state":"FL","county":"Broward County","lat":26.0128,"lng":-80.3140},
  {"city":"Hollywood","state":"FL","county":"Broward County","lat":26.0112,"lng":-80.1495},
  {"city":"Gainesville","state":"FL","county":"Alachua County","lat":29.6516,"lng":-82.3248},
  {"city":"Miramar","state":"FL","county":"Broward County","lat":25.9873,"lng":-80.3323},
  {"city":"Coral Springs","state":"FL","county":"Broward County","lat":26.2712,"lng":-80.2706},
  {"city":"Clearwater","state":"FL","county":"Pinellas County","lat":27.9659,"lng":-82.8001},
  {"city":"Miami Gardens","state":"FL","county":"Miami-Dade County","lat":25.9420,"lng":-80.2456},
  {"city":"Palm Bay","state":"FL","county":"Brevard County","lat":28.0345,"lng":-80.5887},
  {"city":"West Palm Beach","state":"FL","county":"Palm Beach County","lat":26.7153,"lng":-80.0534},
  {"city":"Pompano Beach","state":"FL","county":"Broward County","lat":26.2379,"lng":-80.1248},
  {"city":"Lakeland","state":"FL","county":"Polk County","lat":28.0395,"lng":-81.9498},
  {"city":"Davie","state":"FL","county":"Broward County","lat":26.0765,"lng":-80.2521},
  {"city":"Boca Raton","state":"FL","county":"Palm Beach County","lat":26.3683,"lng":-80.1289},
  {"city":"Sunrise","state":"FL","county":"Broward County","lat":26.1669,"lng":-80.2564},
  {"city":"Deltona","state":"FL","county":"Volusia County","lat":28.9005,"lng":-81.2637},
  {"city":"Plantation","state":"FL","county":"Broward County","lat":26.1276,"lng":-80.2331},
  {"city":"Largo","state":"FL","county":"Pinellas County","lat":27.9095,"lng":-82.7873},
  {"city":"Deerfield Beach","state":"FL","county":"Broward County","lat":26.3185,"lng":-80.0998},
  {"city":"Palm Coast","state":"FL","county":"Flagler County","lat":29.5844,"lng":-81.2079},
  {"city":"Melbourne","state":"FL","county":"Brevard County","lat":28.0836,"lng":-80.6081},
  {"city":"New York","state":"NY","county":"New York County","lat":40.7128,"lng":-74.0060},
  {"city":"Buffalo","state":"NY","county":"Erie County","lat":42.8864,"lng":-78.8784},
  {"city":"Rochester","state":"NY","county":"Monroe County","lat":43.1566,"lng":-77.6088},
  {"city":"Yonkers","state":"NY","county":"Westchester County","lat":40.9312,"lng":-73.8987},
  {"city":"Syracuse","state":"NY","county":"Onondaga County","lat":43.0481,"lng":-76.1474},
  {"city":"Albany","state":"NY","county":"Albany County","lat":42.6526,"lng":-73.7562},
  {"city":"New Rochelle","state":"NY","county":"Westchester County","lat":40.9115,"lng":-73.7824},
  {"city":"Mount Vernon","state":"NY","county":"Westchester County","lat":40.9126,"lng":-73.8371},
  {"city":"Schenectady","state":"NY","county":"Schenectady County","lat":42.8142,"lng":-73.9396},
  {"city":"Utica","state":"NY","county":"Oneida County","lat":43.1009,"lng":-75.2327},
  {"city":"White Plains","state":"NY","county":"Westchester County","lat":41.0340,"lng":-73.7629},
  {"city":"Hempstead","state":"NY","county":"Nassau County","lat":40.7062,"lng":-73.6187},
  {"city":"Troy","state":"NY","county":"Rensselaer County","lat":42.7284,"lng":-73.6918},
  {"city":"Niagara Falls","state":"NY","county":"Niagara County","lat":43.0962,"lng":-79.0377},
  {"city":"Binghamton","state":"NY","county":"Broome County","lat":42.0987,"lng":-75.9180},
  {"city":"Chicago","state":"IL","county":"Cook County","lat":41.8781,"lng":-87.6298},
  {"city":"Aurora","state":"IL","county":"Kane County","lat":41.7606,"lng":-88.3201},
  {"city":"Naperville","state":"IL","county":"DuPage County","lat":41.7508,"lng":-88.1535},
  {"city":"Joliet","state":"IL","county":"Will County","lat":41.5250,"lng":-88.0817},
  {"city":"Rockford","state":"IL","county":"Winnebago County","lat":42.2711,"lng":-89.0940},
  {"city":"Springfield","state":"IL","county":"Sangamon County","lat":39.7817,"lng":-89.6501},
  {"city":"Elgin","state":"IL","county":"Kane County","lat":42.0354,"lng":-88.2826},
  {"city":"Peoria","state":"IL","county":"Peoria County","lat":40.6936,"lng":-89.5890},
  {"city":"Champaign","state":"IL","county":"Champaign County","lat":40.1164,"lng":-88.2434},
  {"city":"Waukegan","state":"IL","county":"Lake County","lat":42.3636,"lng":-87.8448},
  {"city":"Cicero","state":"IL","county":"Cook County","lat":41.8456,"lng":-87.7539},
  {"city":"Bloomington","state":"IL","county":"McLean County","lat":40.4842,"lng":-88.9937},
  {"city":"Arlington Heights","state":"IL","county":"Cook County","lat":42.0884,"lng":-87.9806},
  {"city":"Evanston","state":"IL","county":"Cook County","lat":42.0451,"lng":-87.6877},
  {"city":"Schaumburg","state":"IL","county":"Cook County","lat":42.0334,"lng":-88.0834},
  {"city":"Decatur","state":"IL","county":"Macon County","lat":39.8403,"lng":-88.9548},
  {"city":"Bolingbrook","state":"IL","county":"Will County","lat":41.6986,"lng":-88.0684},
  {"city":"Palatine","state":"IL","county":"Cook County","lat":42.1103,"lng":-88.0340},
  {"city":"Skokie","state":"IL","county":"Cook County","lat":42.0324,"lng":-87.7416},
  {"city":"Des Plaines","state":"IL","county":"Cook County","lat":42.0334,"lng":-87.8834},
  {"city":"Philadelphia","state":"PA","county":"Philadelphia County","lat":39.9526,"lng":-75.1652},
  {"city":"Pittsburgh","state":"PA","county":"Allegheny County","lat":40.4406,"lng":-79.9959},
  {"city":"Allentown","state":"PA","county":"Lehigh County","lat":40.6084,"lng":-75.4902},
  {"city":"Reading","state":"PA","county":"Berks County","lat":40.3356,"lng":-75.9269},
  {"city":"Scranton","state":"PA","county":"Lackawanna County","lat":41.4090,"lng":-75.6624},
  {"city":"Bethlehem","state":"PA","county":"Northampton County","lat":40.6259,"lng":-75.3705},
  {"city":"Lancaster","state":"PA","county":"Lancaster County","lat":40.0379,"lng":-76.3055},
  {"city":"Harrisburg","state":"PA","county":"Dauphin County","lat":40.2732,"lng":-76.8867},
  {"city":"York","state":"PA","county":"York County","lat":39.9626,"lng":-76.7277},
  {"city":"Wilkes-Barre","state":"PA","county":"Luzerne County","lat":41.2459,"lng":-75.8813},
  {"city":"Phoenix","state":"AZ","county":"Maricopa County","lat":33.4484,"lng":-112.0740},
  {"city":"Tucson","state":"AZ","county":"Pima County","lat":32.2226,"lng":-110.9747},
  {"city":"Mesa","state":"AZ","county":"Maricopa County","lat":33.4152,"lng":-111.8315},
  {"city":"Chandler","state":"AZ","county":"Maricopa County","lat":33.3062,"lng":-111.8413},
  {"city":"Scottsdale","state":"AZ","county":"Maricopa County","lat":33.4942,"lng":-111.9261},
  {"city":"Glendale","state":"AZ","county":"Maricopa County","lat":33.5387,"lng":-112.1860},
  {"city":"Gilbert","state":"AZ","county":"Maricopa County","lat":33.3528,"lng":-111.7890},
  {"city":"Tempe","state":"AZ","county":"Maricopa County","lat":33.4255,"lng":-111.9400},
  {"city":"Peoria","state":"AZ","county":"Maricopa County","lat":33.5806,"lng":-112.2374},
  {"city":"Surprise","state":"AZ","county":"Maricopa County","lat":33.6292,"lng":-112.3679},
  {"city":"Yuma","state":"AZ","county":"Yuma County","lat":32.6927,"lng":-114.6277},
  {"city":"Avondale","state":"AZ","county":"Maricopa County","lat":33.4356,"lng":-112.3496},
  {"city":"Goodyear","state":"AZ","county":"Maricopa County","lat":33.4353,"lng":-112.3582},
  {"city":"Flagstaff","state":"AZ","county":"Coconino County","lat":35.1983,"lng":-111.6513},
  {"city":"Buckeye","state":"AZ","county":"Maricopa County","lat":33.3703,"lng":-112.5838},
  {"city":"Seattle","state":"WA","county":"King County","lat":47.6062,"lng":-122.3321},
  {"city":"Spokane","state":"WA","county":"Spokane County","lat":47.6588,"lng":-117.4260},
  {"city":"Tacoma","state":"WA","county":"Pierce County","lat":47.2529,"lng":-122.4443},
  {"city":"Vancouver","state":"WA","county":"Clark County","lat":45.6387,"lng":-122.6615},
  {"city":"Bellevue","state":"WA","county":"King County","lat":47.6101,"lng":-122.2015},
  {"city":"Kent","state":"WA","county":"King County","lat":47.3809,"lng":-122.2348},
  {"city":"Everett","state":"WA","county":"Snohomish County","lat":47.9790,"lng":-122.2021},
  {"city":"Renton","state":"WA","county":"King County","lat":47.4829,"lng":-122.2171},
  {"city":"Spokane Valley","state":"WA","county":"Spokane County","lat":47.6732,"lng":-117.2394},
  {"city":"Federal Way","state":"WA","county":"King County","lat":47.3223,"lng":-122.3126},
  {"city":"Kirkland","state":"WA","county":"King County","lat":47.6815,"lng":-122.2087},
  {"city":"Auburn","state":"WA","county":"King County","lat":47.3073,"lng":-122.2285},
  {"city":"Bellingham","state":"WA","county":"Whatcom County","lat":48.7519,"lng":-122.4787},
  {"city":"Kennewick","state":"WA","county":"Benton County","lat":46.2112,"lng":-119.1372},
  {"city":"Redmond","state":"WA","county":"King County","lat":47.6740,"lng":-122.1215},
  {"city":"Portland","state":"OR","county":"Multnomah County","lat":45.5152,"lng":-122.6784},
  {"city":"Salem","state":"OR","county":"Marion County","lat":44.9429,"lng":-123.0351},
  {"city":"Eugene","state":"OR","county":"Lane County","lat":44.0521,"lng":-123.0868},
  {"city":"Gresham","state":"OR","county":"Multnomah County","lat":45.5001,"lng":-122.4302},
  {"city":"Hillsboro","state":"OR","county":"Washington County","lat":45.5229,"lng":-122.9898},
  {"city":"Beaverton","state":"OR","county":"Washington County","lat":45.4871,"lng":-122.8037},
  {"city":"Bend","state":"OR","county":"Deschutes County","lat":44.0582,"lng":-121.3153},
  {"city":"Medford","state":"OR","county":"Jackson County","lat":42.3265,"lng":-122.8756},
  {"city":"Springfield","state":"OR","county":"Lane County","lat":44.0462,"lng":-123.0220},
  {"city":"Corvallis","state":"OR","county":"Benton County","lat":44.5646,"lng":-123.2620},
  {"city":"Denver","state":"CO","county":"Denver County","lat":39.7392,"lng":-104.9903},
  {"city":"Colorado Springs","state":"CO","county":"El Paso County","lat":38.8339,"lng":-104.8214},
  {"city":"Aurora","state":"CO","county":"Arapahoe County","lat":39.7294,"lng":-104.8319},
  {"city":"Fort Collins","state":"CO","county":"Larimer County","lat":40.5853,"lng":-105.0844},
  {"city":"Lakewood","state":"CO","county":"Jefferson County","lat":39.7047,"lng":-105.0814},
  {"city":"Thornton","state":"CO","county":"Adams County","lat":39.8680,"lng":-104.9719},
  {"city":"Arvada","state":"CO","county":"Jefferson County","lat":39.8028,"lng":-105.0875},
  {"city":"Westminster","state":"CO","county":"Adams County","lat":39.8367,"lng":-105.0372},
  {"city":"Pueblo","state":"CO","county":"Pueblo County","lat":38.2544,"lng":-104.6091},
  {"city":"Centennial","state":"CO","county":"Arapahoe County","lat":39.5807,"lng":-104.8772},
  {"city":"Boulder","state":"CO","county":"Boulder County","lat":40.0150,"lng":-105.2705},
  {"city":"Greeley","state":"CO","county":"Weld County","lat":40.4233,"lng":-104.7091},
  {"city":"Longmont","state":"CO","county":"Boulder County","lat":40.1672,"lng":-105.1019},
  {"city":"Loveland","state":"CO","county":"Larimer County","lat":40.3978,"lng":-105.0750},
  {"city":"Broomfield","state":"CO","county":"Broomfield County","lat":39.9205,"lng":-105.0867},
  {"city":"Atlanta","state":"GA","county":"Fulton County","lat":33.7490,"lng":-84.3880},
  {"city":"Augusta","state":"GA","county":"Richmond County","lat":33.4735,"lng":-82.0105},
  {"city":"Columbus","state":"GA","county":"Muscogee County","lat":32.4610,"lng":-84.9877},
  {"city":"Macon","state":"GA","county":"Bibb County","lat":32.8407,"lng":-83.6324},
  {"city":"Savannah","state":"GA","county":"Chatham County","lat":32.0809,"lng":-81.0912},
  {"city":"Athens","state":"GA","county":"Clarke County","lat":33.9519,"lng":-83.3576},
  {"city":"Sandy Springs","state":"GA","county":"Fulton County","lat":33.9304,"lng":-84.3733},
  {"city":"Roswell","state":"GA","county":"Fulton County","lat":34.0232,"lng":-84.3616},
  {"city":"Johns Creek","state":"GA","county":"Fulton County","lat":34.0289,"lng":-84.1986},
  {"city":"Warner Robins","state":"GA","county":"Houston County","lat":32.6130,"lng":-83.5999},
  {"city":"Alpharetta","state":"GA","county":"Fulton County","lat":34.0754,"lng":-84.2941},
  {"city":"Marietta","state":"GA","county":"Cobb County","lat":33.9526,"lng":-84.5499},
  {"city":"Smyrna","state":"GA","county":"Cobb County","lat":33.8839,"lng":-84.5144},
  {"city":"Dunwoody","state":"GA","county":"DeKalb County","lat":33.9462,"lng":-84.3346},
  {"city":"Peachtree Corners","state":"GA","county":"Gwinnett County","lat":33.9698,"lng":-84.2214},
  {"city":"Charlotte","state":"NC","county":"Mecklenburg County","lat":35.2271,"lng":-80.8431},
  {"city":"Raleigh","state":"NC","county":"Wake County","lat":35.7796,"lng":-78.6382},
  {"city":"Greensboro","state":"NC","county":"Guilford County","lat":36.0726,"lng":-79.7920},
  {"city":"Durham","state":"NC","county":"Durham County","lat":35.9940,"lng":-78.8986},
  {"city":"Winston-Salem","state":"NC","county":"Forsyth County","lat":36.0999,"lng":-80.2442},
  {"city":"Fayetteville","state":"NC","county":"Cumberland County","lat":35.0527,"lng":-78.8784},
  {"city":"Cary","state":"NC","county":"Wake County","lat":35.7915,"lng":-78.7811},
  {"city":"Wilmington","state":"NC","county":"New Hanover County","lat":34.2257,"lng":-77.9447},
  {"city":"High Point","state":"NC","county":"Guilford County","lat":35.9557,"lng":-80.0053},
  {"city":"Concord","state":"NC","county":"Cabarrus County","lat":35.4088,"lng":-80.5795},
  {"city":"Boston","state":"MA","county":"Suffolk County","lat":42.3601,"lng":-71.0589},
  {"city":"Worcester","state":"MA","county":"Worcester County","lat":42.2626,"lng":-71.8023},
  {"city":"Springfield","state":"MA","county":"Hampden County","lat":42.1015,"lng":-72.5898},
  {"city":"Cambridge","state":"MA","county":"Middlesex County","lat":42.3736,"lng":-71.1097},
  {"city":"Lowell","state":"MA","county":"Middlesex County","lat":42.6334,"lng":-71.3162},
  {"city":"Brockton","state":"MA","county":"Plymouth County","lat":42.0834,"lng":-71.0184},
  {"city":"New Bedford","state":"MA","county":"Bristol County","lat":41.6362,"lng":-70.9342},
  {"city":"Quincy","state":"MA","county":"Norfolk County","lat":42.2529,"lng":-71.0023},
  {"city":"Lynn","state":"MA","county":"Essex County","lat":42.4668,"lng":-70.9495},
  {"city":"Fall River","state":"MA","county":"Bristol County","lat":41.7015,"lng":-71.1550},
  {"city":"Detroit","state":"MI","county":"Wayne County","lat":42.3314,"lng":-83.0458},
  {"city":"Grand Rapids","state":"MI","county":"Kent County","lat":42.9634,"lng":-85.6681},
  {"city":"Warren","state":"MI","county":"Macomb County","lat":42.5145,"lng":-83.0147},
  {"city":"Sterling Heights","state":"MI","county":"Macomb County","lat":42.5803,"lng":-83.0302},
  {"city":"Ann Arbor","state":"MI","county":"Washtenaw County","lat":42.2808,"lng":-83.7430},
  {"city":"Lansing","state":"MI","county":"Ingham County","lat":42.7325,"lng":-84.5555},
  {"city":"Dearborn","state":"MI","county":"Wayne County","lat":42.3223,"lng":-83.1763},
  {"city":"Livonia","state":"MI","county":"Wayne County","lat":42.3684,"lng":-83.3527},
  {"city":"Troy","state":"MI","county":"Oakland County","lat":42.6064,"lng":-83.1498},
  {"city":"Westland","state":"MI","county":"Wayne County","lat":42.3242,"lng":-83.4002},
  {"city":"Las Vegas","state":"NV","county":"Clark County","lat":36.1699,"lng":-115.1398},
  {"city":"Henderson","state":"NV","county":"Clark County","lat":36.0395,"lng":-114.9817},
  {"city":"Reno","state":"NV","county":"Washoe County","lat":39.5296,"lng":-119.8138},
  {"city":"North Las Vegas","state":"NV","county":"Clark County","lat":36.1989,"lng":-115.1175},
  {"city":"Sparks","state":"NV","county":"Washoe County","lat":39.5349,"lng":-119.7527},
  {"city":"Carson City","state":"NV","county":"Carson City","lat":39.1638,"lng":-119.7674},
  {"city":"Columbus","state":"OH","county":"Franklin County","lat":39.9612,"lng":-82.9988},
  {"city":"Cleveland","state":"OH","county":"Cuyahoga County","lat":41.4993,"lng":-81.6944},
  {"city":"Cincinnati","state":"OH","county":"Hamilton County","lat":39.1031,"lng":-84.5120},
  {"city":"Toledo","state":"OH","county":"Lucas County","lat":41.6528,"lng":-83.5379},
  {"city":"Akron","state":"OH","county":"Summit County","lat":41.0814,"lng":-81.5190},
  {"city":"Dayton","state":"OH","county":"Montgomery County","lat":39.7589,"lng":-84.1916},
  {"city":"Parma","state":"OH","county":"Cuyahoga County","lat":41.4048,"lng":-81.7229},
  {"city":"Canton","state":"OH","county":"Stark County","lat":40.7989,"lng":-81.3784},
  {"city":"Youngstown","state":"OH","county":"Mahoning County","lat":41.0998,"lng":-80.6495},
  {"city":"Lorain","state":"OH","county":"Lorain County","lat":41.4528,"lng":-82.1824},
  {"city":"Nashville","state":"TN","county":"Davidson County","lat":36.1627,"lng":-86.7816},
  {"city":"Memphis","state":"TN","county":"Shelby County","lat":35.1495,"lng":-90.0490},
  {"city":"Knoxville","state":"TN","county":"Knox County","lat":35.9606,"lng":-83.9207},
  {"city":"Chattanooga","state":"TN","county":"Hamilton County","lat":35.0456,"lng":-85.3097},
  {"city":"Clarksville","state":"TN","county":"Montgomery County","lat":36.5298,"lng":-87.3595},
  {"city":"Murfreesboro","state":"TN","county":"Rutherford County","lat":35.8456,"lng":-86.3903},
  {"city":"Franklin","state":"TN","county":"Williamson County","lat":35.9251,"lng":-86.8689},
  {"city":"Jackson","state":"TN","county":"Madison County","lat":35.6145,"lng":-88.8139},
  {"city":"Johnson City","state":"TN","county":"Washington County","lat":36.3134,"lng":-82.3535},
  {"city":"Bartlett","state":"TN","county":"Shelby County","lat":35.2045,"lng":-89.8739},
  {"city":"Indianapolis","state":"IN","county":"Marion County","lat":39.7684,"lng":-86.1581},
  {"city":"Fort Wayne","state":"IN","county":"Allen County","lat":41.0793,"lng":-85.1394},
  {"city":"Evansville","state":"IN","county":"Vanderburgh County","lat":37.9716,"lng":-87.5711},
  {"city":"South Bend","state":"IN","county":"St. Joseph County","lat":41.6764,"lng":-86.2520},
  {"city":"Carmel","state":"IN","county":"Hamilton County","lat":39.9784,"lng":-86.1180},
  {"city":"Fishers","state":"IN","county":"Hamilton County","lat":39.9568,"lng":-86.0139},
  {"city":"Bloomington","state":"IN","county":"Monroe County","lat":39.1653,"lng":-86.5264},
  {"city":"Hammond","state":"IN","county":"Lake County","lat":41.5833,"lng":-87.5000},
  {"city":"Gary","state":"IN","county":"Lake County","lat":41.5934,"lng":-87.3464},
  {"city":"Lafayette","state":"IN","county":"Tippecanoe County","lat":40.4167,"lng":-86.8753},
  {"city":"Kansas City","state":"MO","county":"Jackson County","lat":39.0997,"lng":-94.5786},
  {"city":"St. Louis","state":"MO","county":"St. Louis City","lat":38.6270,"lng":-90.1994},
  {"city":"Springfield","state":"MO","county":"Greene County","lat":37.2090,"lng":-93.2923},
  {"city":"Columbia","state":"MO","county":"Boone County","lat":38.9517,"lng":-92.3341},
  {"city":"Independence","state":"MO","county":"Jackson County","lat":39.0911,"lng":-94.4155},
  {"city":"Lee's Summit","state":"MO","county":"Jackson County","lat":38.9108,"lng":-94.3822},
  {"city":"O'Fallon","state":"MO","county":"St. Charles County","lat":38.8106,"lng":-90.6998},
  {"city":"St. Joseph","state":"MO","county":"Buchanan County","lat":39.7675,"lng":-94.8467},
  {"city":"St. Charles","state":"MO","county":"St. Charles County","lat":38.7881,"lng":-90.4974},
  {"city":"Blue Springs","state":"MO","county":"Jackson County","lat":39.0169,"lng":-94.2816},
  {"city":"Minneapolis","state":"MN","county":"Hennepin County","lat":44.9778,"lng":-93.2650},
  {"city":"St. Paul","state":"MN","county":"Ramsey County","lat":44.9537,"lng":-93.0900},
  {"city":"Rochester","state":"MN","county":"Olmsted County","lat":44.0121,"lng":-92.4802},
  {"city":"Duluth","state":"MN","county":"St. Louis County","lat":46.7867,"lng":-92.1005},
  {"city":"Bloomington","state":"MN","county":"Hennepin County","lat":44.8408,"lng":-93.2983},
  {"city":"Brooklyn Park","state":"MN","county":"Hennepin County","lat":45.0941,"lng":-93.3563},
  {"city":"Plymouth","state":"MN","county":"Hennepin County","lat":45.0105,"lng":-93.4555},
  {"city":"Maple Grove","state":"MN","county":"Hennepin County","lat":45.0724,"lng":-93.4557},
  {"city":"Woodbury","state":"MN","county":"Washington County","lat":44.9239,"lng":-92.9594},
  {"city":"St. Cloud","state":"MN","county":"Stearns County","lat":45.5579,"lng":-94.1632}
]